<?xml version="1.0" encoding="UTF-8" standalone="no"?>
<games>
  <game>
    <id>a22f1a30-8908-48c3-92b8-fb801d25191f</id>
    <clue>pane</clue>
    <clue>gioco</clue>
    <clue>testa</clue>
    <clue>osso</clue>
    <clue>zoccolo</clue>
    <solution>duro</solution>
    <type>TV</type>
  </game>
  <game>
    <id>e01e7994-ccdf-4767-89d6-d288a2d5cb50</id>
    <clue>verde</clue>
    <clue>nave</clue>
    <clue>gioco</clue>
    <clue>pomodoro</clue>
    <clue>collo</clue>
    <solution>bottiglia</solution>
    <type>TV</type>
  </game>
  <game>
    <id>3fc953bd-bd48-4fb9-a86c-bd979c8b5b4f</id>
    <clue>spalla</clue>
    <clue>giacomo</clue>
    <clue>77</clue>
    <clue>kessler</clue>
    <clue>bugie</clue>
    <solution>gambe</solution>
    <type>boardgame</type>
  </game>
  <game>
    <id>bd0fd97e-7498-495b-bd82-a810f6e6bc91</id>
    <clue>dita</clue>
    <clue>corso</clue>
    <clue>basso</clue>
    <clue>spaghetti</clue>
    <clue>cassa</clue>
    <solution>chitarra</solution>
    <type>TV</type>
  </game>
  <game>
    <id>bb58e30b-3bbd-4844-8bed-26984057d746</id>
    <clue>remo</clue>
    <clue>fornaio</clue>
    <clue>altare</clue>
    <clue>fico d'india</clue>
    <clue>elica</clue>
    <solution>pala</solution>
    <type>boardgame</type>
  </game>
  <game>
    <id>07304ea8-aa8c-4bf1-b7a1-5d9004535fc4</id>
    <clue>porta</clue>
    <clue>ferrara</clue>
    <clue>via</clue>
    <clue>rosa</clue>
    <clue>disegno</clue>
    <solution>foglio</solution>
    <type>TV</type>
  </game>
  <game>
    <id>f48ddf70-5c1d-4d08-8dd6-5c419d66818c</id>
    <clue>baseball</clue>
    <clue>posta</clue>
    <clue>lama</clue>
    <clue>giorno</clue>
    <clue>stile</clue>
    <solution>piatto</solution>
    <type>TV</type>
  </game>
  <game>
    <id>bbb50efa-ba72-41bd-bb9c-6189f9da21dd</id>
    <clue>vino</clue>
    <clue>medio</clue>
    <clue>cielo</clue>
    <clue>occhio</clue>
    <clue>piaga</clue>
    <solution>dito</solution>
    <type>TV</type>
  </game>
  <game>
    <id>52b6436b-cd65-42e3-ba0c-591324e09a27</id>
    <clue>adulto</clue>
    <clue>cassano a roma</clue>
    <clue>4 novembre</clue>
    <clue>vietato</clue>
    <clue>golf</clue>
    <solution>18</solution>
    <type>boardgame</type>
  </game>
  <game>
    <id>40244ca1-a3f4-4dc6-b0e9-277943d0784a</id>
    <clue>latte</clue>
    <clue>barba</clue>
    <clue>salvare</clue>
    <clue>fiocco di neve</clue>
    <clue>ignorante</clue>
    <solution>capra</solution>
    <type>TV</type>
  </game>
  <game>
    <id>d9c5a84c-9914-46da-8c1e-4ea74e595427</id>
    <clue>sciocco</clue>
    <clue>dolce</clue>
    <clue>spiffero</clue>
    <clue>milano</clue>
    <clue>pane</clue>
    <solution>salame</solution>
    <type>TV</type>
  </game>
  <game>
    <id>e02d7c73-972f-4191-bccc-a59cfc2f4a9b</id>
    <clue>miraggio</clue>
    <clue>cono</clue>
    <clue>mani</clue>
    <clue>madrina</clue>
    <clue>bella</clue>
    <solution>fata</solution>
    <type>TV</type>
  </game>
  <game>
    <id>0f67008b-10e6-496e-9e5f-0c6b9676ac16</id>
    <clue>fiume</clue>
    <clue>alice</clue>
    <clue>carne</clue>
    <clue>vita</clue>
    <clue>figuraccia</clue>
    <solution>magra</solution>
    <type>TV</type>
  </game>
  <game>
    <id>f7057cda-6cf6-41f3-ac4c-93c459596e2c</id>
    <clue>porco</clue>
    <clue>collo</clue>
    <clue>libero</clue>
    <clue>punta</clue>
    <clue>staffa</clue>
    <solution>piede</solution>
    <type>TV</type>
  </game>
  <game>
    <id>12e6e53c-68ba-4853-9fae-d8fb05149a31</id>
    <clue>figlio</clue>
    <clue>tronco</clue>
    <clue>fuori</clue>
    <clue>scudetto</clue>
    <clue>cardinale</clue>
    <solution>petto</solution>
    <type>boardgame</type>
  </game>
  <game>
    <id>6cbd957c-025c-4484-b51c-1bd29cd224f2</id>
    <clue>parmigiano</clue>
    <clue>gonna</clue>
    <clue>convento</clue>
    <clue>seguire</clue>
    <clue>tortura</clue>
    <solution>ruota</solution>
    <type>TV</type>
  </game>
  <game>
    <id>daf51b6c-369d-4d18-9416-70afd13c96b3</id>
    <clue>tigre</clue>
    <clue>fumetto</clue>
    <clue>pedone</clue>
    <clue>stelle</clue>
    <clue>tagliatelle</clue>
    <solution>strisce</solution>
    <type>boardgame</type>
  </game>
  <game>
    <id>ffab74b5-2c5a-4c99-b99c-d384a46f36fc</id>
    <clue>animale</clue>
    <clue>cavallo</clue>
    <clue>paradiso</clue>
    <clue>inter</clue>
    <clue>1861-1946</clue>
    <solution>regno</solution>
    <type>TV</type>
  </game>
  <game>
    <id>ccf58095-1f49-49ab-bac9-c537ae2d05bd</id>
    <clue>capra</clue>
    <clue>tartaruga</clue>
    <clue>chiudere</clue>
    <clue>oca</clue>
    <clue>tradito</clue>
    <solution>becco</solution>
    <type>boardgame</type>
  </game>
  <game>
    <id>e1803ef2-7b41-4414-bc21-1b809c0f43ca</id>
    <clue>gonna</clue>
    <clue>nazionale</clue>
    <clue>carro</clue>
    <clue>tenere</clue>
    <clue>libera</clue>
    <solution>ruota</solution>
    <type>TV</type>
  </game>
  <game>
    <id>db4dec1c-1ff1-4afb-9139-bb17fac5ddb0</id>
    <clue>anello</clue>
    <clue>cortina</clue>
    <clue>vendere</clue>
    <clue>filo</clue>
    <clue>occhi</clue>
    <solution>fumo</solution>
    <type>TV</type>
  </game>
  <game>
    <id>aafe2f29-b6a3-4983-9f0c-2fa612cf2890</id>
    <clue>uomo</clue>
    <clue>parola</clue>
    <clue>piano</clue>
    <clue>personale</clue>
    <clue>ambiente</clue>
    <solution>difesa</solution>
    <type>TV</type>
  </game>
  <game>
    <id>be451ff1-2edd-48a2-88a5-142b6a2d8552</id>
    <clue>napoleone</clue>
    <clue>inizio</clue>
    <clue>mucchio</clue>
    <clue>andare</clue>
    <clue>grappa</clue>
    <solution>monte</solution>
    <type>boardgame</type>
  </game>
  <game>
    <id>0d0b5a80-9076-4020-9e11-52ec802376ad</id>
    <clue>cono</clue>
    <clue>vino</clue>
    <clue>cinese</clue>
    <clue>peter pan</clue>
    <clue>governo</clue>
    <solution>ombra</solution>
    <type>boardgame</type>
  </game>
  <game>
    <id>05dd8698-1bd3-4120-b653-09e490164a59</id>
    <clue>ufficio</clue>
    <clue>ragione</clue>
    <clue>pronto</clue>
    <clue>fuori</clue>
    <clue>agitare</clue>
    <solution>uso</solution>
    <type>TV</type>
  </game>
  <game>
    <id>4548a1d5-d70b-44a3-8ff2-e4149f6ae17d</id>
    <clue>dente</clue>
    <clue>strada</clue>
    <clue>panda</clue>
    <clue>passo</clue>
    <clue>buono</clue>
    <solution>gigante</solution>
    <type>TV</type>
  </game>
  <game>
    <id>056d815a-8d49-4f17-9099-13d94a58f3c0</id>
    <clue>verde</clue>
    <clue>indagine</clue>
    <clue>mandato</clue>
    <clue>batti</clue>
    <clue>volante</clue>
    <solution>tappeto</solution>
    <type>boardgame</type>
  </game>
  <game>
    <id>2982eb8b-5196-4b8f-bb73-8536fd9a26e4</id>
    <clue>partito</clue>
    <clue>tribunale</clue>
    <clue>archi</clue>
    <clue>solido</clue>
    <clue>stradale</clue>
    <solution>sezione</solution>
    <type>TV</type>
  </game>
  <game>
    <id>50daee68-014d-4d87-9db9-4afb17bf28ab</id>
    <clue>s.benedetto</clue>
    <clue>non vedere</clue>
    <clue>punta</clue>
    <clue>chilowatt</clue>
    <clue>adesso</clue>
    <solution>ora</solution>
    <type>boardgame</type>
  </game>
  <game>
    <id>3b689220-3b58-4c86-885a-5d5e4efcb4db</id>
    <clue>montagna</clue>
    <clue>abbassare</clue>
    <clue>elmo</clue>
    <clue>onda</clue>
    <clue>spesa</clue>
    <solution>cresta</solution>
    <type>TV</type>
  </game>
  <game>
    <id>219a0103-c6e0-4b05-8ac7-fa54f499afe9</id>
    <clue>vespa</clue>
    <clue>hm</clue>
    <clue>madonna</clue>
    <clue>olanda</clue>
    <clue>uva</clue>
    <solution>regina</solution>
    <type>TV</type>
  </game>
  <game>
    <id>ddcede41-3665-442b-8dd6-2ef5a205dc8f</id>
    <clue>rocce</clue>
    <clue>bianco</clue>
    <clue>foresta</clue>
    <clue>maria</clue>
    <clue>lana</clue>
    <solution>vergine</solution>
    <type>boardgame</type>
  </game>
  <game>
    <id>b7a3571b-a44c-4809-8950-59a601f5c58c</id>
    <clue>bacio</clue>
    <clue>sole</clue>
    <clue>messa</clue>
    <clue>la borsa</clue>
    <clue>marzullo</clue>
    <solution>mezzanotte</solution>
    <type>boardgame</type>
  </game>
  <game>
    <id>62c7ffc6-3685-48e5-94fb-8188fd47e0ef</id>
    <clue>piedi</clue>
    <clue>macchine</clue>
    <clue>avaro</clue>
    <clue>marino</clue>
    <clue>metro</clue>
    <solution>parco</solution>
    <type>TV</type>
  </game>
  <game>
    <id>f82c6812-e20c-4684-a8f6-3da02c43f6e8</id>
    <clue>sapere</clue>
    <clue>orecchio</clue>
    <clue>gabbietta</clue>
    <clue>benzina</clue>
    <clue>corona</clue>
    <solution>tappo</solution>
    <type>TV</type>
  </game>
  <game>
    <id>abd6f981-8910-4bb1-b496-41286c70c568</id>
    <clue>sala</clue>
    <clue>paura</clue>
    <clue>secolo</clue>
    <clue>pesto</clue>
    <clue>salto</clue>
    <solution>buio</solution>
    <type>TV</type>
  </game>
  <game>
    <id>88e9d59f-e458-47e2-ab7c-51c1c565aff2</id>
    <clue>libro</clue>
    <clue>principe</clue>
    <clue>testa</clue>
    <clue>azione</clue>
    <clue>cronoca</clue>
    <solution>titolo</solution>
    <type>TV</type>
  </game>
  <game>
    <id>73d24a3b-03e4-481c-855d-6fd0418088e9</id>
    <clue>francese</clue>
    <clue>portare</clue>
    <clue>tifo</clue>
    <clue>linea</clue>
    <clue>mistero</clue>
    <solution>fede</solution>
    <type>TV</type>
  </game>
  <game>
    <id>23277b29-2491-465c-9693-fd23d7680985</id>
    <clue>duro</clue>
    <clue>avere</clue>
    <clue>martello</clue>
    <clue>medio</clue>
    <clue>g</clue>
    <solution>orecchio</solution>
    <type>TV</type>
  </game>
  <game>
    <id>6c910927-673f-4fa3-9e15-b4734cc14042</id>
    <clue>orco</clue>
    <clue>prato</clue>
    <clue>fetonte</clue>
    <clue>652</clue>
    <clue>delta</clue>
    <solution>po</solution>
    <type>boardgame</type>
  </game>
  <game>
    <id>e4167fe3-8819-411a-b893-a54122d0d93c</id>
    <clue>mento</clue>
    <clue>fortuna</clue>
    <clue>sapone</clue>
    <clue>voce</clue>
    <clue>lampada</clue>
    <solution>porta</solution>
    <type>TV</type>
  </game>
  <game>
    <id>b8ea25c0-1d1d-4e7d-8d46-bfbe831695f2</id>
    <clue>prova</clue>
    <clue>cobra</clue>
    <clue>tartaruga</clue>
    <clue>goccia</clue>
    <clue>elton john</clue>
    <solution>occhiali</solution>
    <type>TV</type>
  </game>
  <game>
    <id>ff36155a-ed97-4dff-81dc-fb08290c760d</id>
    <clue>cinque</clue>
    <clue>fiore</clue>
    <clue>joe</clue>
    <clue>maria</clue>
    <clue>primo</clue>
    <solution>maggio</solution>
    <type>boardgame</type>
  </game>
  <game>
    <id>296ae770-4d61-411b-94e4-5315351c80ff</id>
    <clue>frumento</clue>
    <clue>rotonda</clue>
    <clue>nel lazio</clue>
    <clue>sottile</clue>
    <clue>comunione</clue>
    <solution>ostia</solution>
    <type>boardgame</type>
  </game>
  <game>
    <id>a7cbf7dc-9e10-4a0f-8ac7-23e27f083001</id>
    <clue>leone</clue>
    <clue>occhio</clue>
    <clue>mettere</clue>
    <clue>spirito</clue>
    <clue>mondo</clue>
    <solution>parte</solution>
    <type>TV</type>
  </game>
  <game>
    <id>b5b67324-33e2-497a-96be-29aff00f3024</id>
    <clue>cuore</clue>
    <clue>punto</clue>
    <clue>moneta</clue>
    <clue>carne</clue>
    <clue>luce</clue>
    <solution>debole</solution>
    <type>TV</type>
  </game>
  <game>
    <id>b4630736-58cc-475d-93ab-75aabbb945e0</id>
    <clue>fuori</clue>
    <clue>triangolo</clue>
    <clue>lavoro</clue>
    <clue>gioco</clue>
    <clue>governo</clue>
    <solution>squadra</solution>
    <type>TV</type>
  </game>
  <game>
    <id>446ded09-7b62-4e23-a9ad-5b64af061b05</id>
    <clue>primo</clue>
    <clue>tv</clue>
    <clue>verso</clue>
    <clue>verde</clue>
    <clue>autostop</clue>
    <solution>pollice</solution>
    <type>boardgame</type>
  </game>
  <game>
    <id>fa656391-25ca-4ec0-b358-b2162fa8f375</id>
    <clue>oggi</clue>
    <clue>discesa</clue>
    <clue>rosso</clue>
    <clue>pieno</clue>
    <clue>colombo</clue>
    <solution>uovo</solution>
    <type>boardgame</type>
  </game>
  <game>
    <id>e3420d84-30f8-4a21-9d62-30ba0f084985</id>
    <clue>mai</clue>
    <clue>chiuso</clue>
    <clue>pericolo</clue>
    <clue>metti</clue>
    <clue>umano</clue>
    <solution>caso</solution>
    <type>TV</type>
  </game>
  <game>
    <id>4e7d91d6-4799-4903-94f0-1b5f34b583c9</id>
    <clue>alpi</clue>
    <clue>dalla</clue>
    <clue>razzo</clue>
    <clue>avanzato</clue>
    <clue>coro</clue>
    <solution>stadio</solution>
    <type>boardgame</type>
  </game>
  <game>
    <id>ae1fb1c9-259e-481a-81f2-61824fb7e07b</id>
    <clue>fiorentina</clue>
    <clue>fine</clue>
    <clue>due</clue>
    <clue>toto cutugno</clue>
    <clue>getta la spugna</clue>
    <solution>secondo</solution>
    <type>boardgame</type>
  </game>
  <game>
    <id>3f6bfc99-ca32-484d-8b40-bc2f0a15e049</id>
    <clue>sangue</clue>
    <clue>tagliare</clue>
    <clue>bianco</clue>
    <clue>autunno</clue>
    <clue>tavola</clue>
    <solution>vino</solution>
    <type>TV</type>
  </game>
  <game>
    <id>b0dd65cc-3cd5-4975-a30b-8f7f43277cb4</id>
    <clue>tiro</clue>
    <clue>vela</clue>
    <clue>caduta</clue>
    <clue>capire</clue>
    <clue>piano</clue>
    <solution>volo</solution>
    <type>TV</type>
  </game>
  <game>
    <id>551a785a-1e48-4122-8dd9-4541aa421f18</id>
    <clue>frutta</clue>
    <clue>carattere</clue>
    <clue>pagare</clue>
    <clue>scherzo</clue>
    <clue>lucrezio</clue>
    <solution>natura</solution>
    <type>TV</type>
  </game>
  <game>
    <id>f94fcbcd-81d6-4c80-812e-79e2ae71baa4</id>
    <clue>visita</clue>
    <clue>buio</clue>
    <clue>cascata</clue>
    <clue>gioia</clue>
    <clue>lungo</clue>
    <solution>salto</solution>
    <type>TV</type>
  </game>
  <game>
    <id>3b73548b-ac46-4d52-8283-bbc74e7b5f78</id>
    <clue>secondo</clue>
    <clue>barba</clue>
    <clue>codice</clue>
    <clue>concerto</clue>
    <clue>mimì</clue>
    <solution>onore</solution>
    <type>TV</type>
  </game>
  <game>
    <id>b27da92c-e1e8-444e-9265-d07caa788733</id>
    <clue>gola</clue>
    <clue>tirare</clue>
    <clue>foglia</clue>
    <clue>carne</clue>
    <clue>magra</clue>
    <solution>secca</solution>
    <type>TV</type>
  </game>
  <game>
    <id>2dc9a472-b93c-4a69-ab9b-63491db99073</id>
    <clue>sempre</clue>
    <clue>autostrada</clue>
    <clue>rai tre</clue>
    <clue>irlanda</clue>
    <clue>dollaro</clue>
    <solution>verde</solution>
    <type>boardgame</type>
  </game>
  <game>
    <id>49bc6baf-453d-4f88-8c4f-7bc0af2a24cb</id>
    <clue>tenore</clue>
    <clue>professore</clue>
    <clue>organo</clue>
    <clue>cambiare</clue>
    <clue>ufficio</clue>
    <solution>registro</solution>
    <type>TV</type>
  </game>
  <game>
    <id>e3d2e361-ede8-4e9d-a0f6-5aae2eff8706</id>
    <clue>a</clue>
    <clue>buona</clue>
    <clue>colori</clue>
    <clue>neve</clue>
    <clue>fredda</clue>
    <solution>tavola</solution>
    <type>TV</type>
  </game>
  <game>
    <id>53e9a9fe-d515-4909-8734-f80211156d00</id>
    <clue>ricco</clue>
    <clue>buona</clue>
    <clue>pancia</clue>
    <clue>sostanza</clue>
    <clue>sogni</clue>
    <solution>sostanza</solution>
    <type>TV</type>
  </game>
  <game>
    <id>7743d84f-818d-491b-9b9b-2ed90eb9f4c0</id>
    <clue>muscolo</clue>
    <clue>cerotto</clue>
    <clue>pesi</clue>
    <clue>lattina</clue>
    <clue>regola</clue>
    <solution>strappo</solution>
    <type>TV</type>
  </game>
  <game>
    <id>58532c99-6014-4428-9350-6b9a1cdecae4</id>
    <clue>olio</clue>
    <clue>fare</clue>
    <clue>aereo</clue>
    <clue>cantare</clue>
    <clue>maria</clue>
    <solution>spia</solution>
    <type>TV</type>
  </game>
  <game>
    <id>7c92e448-a9af-48d3-afb6-d918285146ba</id>
    <clue>onda</clue>
    <clue>sotto</clue>
    <clue>morale</clue>
    <clue>miseria</clue>
    <clue>bonifacio viii</clue>
    <solution>schiaffo</solution>
    <type>TV</type>
  </game>
  <game>
    <id>4b500ba9-467e-4576-b9b6-080bfa5842eb</id>
    <clue>secondo</clue>
    <clue>pellicola</clue>
    <clue>mercurio</clue>
    <clue>pesciolino</clue>
    <clue>dario</clue>
    <solution>argento</solution>
    <type>boardgame</type>
  </game>
  <game>
    <id>a4bdd19a-0c3a-478a-aa8d-9e426a9291bc</id>
    <clue>caffè</clue>
    <clue>arte</clue>
    <clue>pantaloni</clue>
    <clue>gassman</clue>
    <clue>casa</clue>
    <solution>bottega</solution>
    <type>TV</type>
  </game>
  <game>
    <id>0b9c356e-c57c-4e8a-99ae-08e781d65ab7</id>
    <clue>formula 1</clue>
    <clue>slot machine</clue>
    <clue>pressione</clue>
    <clue>sbarra</clue>
    <clue>mario</clue>
    <solution>bar</solution>
    <type>TV</type>
  </game>
  <game>
    <id>44695c45-6ebb-44b5-a4ae-9f5d5306be7f</id>
    <clue>penne</clue>
    <clue>spinta</clue>
    <clue>flipper</clue>
    <clue>lascia</clue>
    <clue>pinza</clue>
    <solution>molla</solution>
    <type>TV</type>
  </game>
  <game>
    <id>d3bb8509-14e3-4b40-9155-01515f2d73a9</id>
    <clue>cavalli</clue>
    <clue>quadrato</clue>
    <clue>fuori casa</clue>
    <clue>con</clue>
    <clue>punti</clue>
    <solution>due</solution>
    <type>boardgame</type>
  </game>
  <game>
    <id>395d9688-db52-45b0-a54c-dac05ca108d7</id>
    <clue>pasqua</clue>
    <clue>pace</clue>
    <clue>giglio</clue>
    <clue>napoleone</clue>
    <clue>pedonale</clue>
    <solution>isola</solution>
    <type>TV</type>
  </game>
  <game>
    <id>d91a9395-4f8e-4d3c-b5e6-acbf1e06c7db</id>
    <clue>disco</clue>
    <clue>leva</clue>
    <clue>mano</clue>
    <clue>lingua</clue>
    <clue>mordere</clue>
    <solution>freno</solution>
    <type>TV</type>
  </game>
  <game>
    <id>d1e50add-ba91-47e5-9da8-dfda739117df</id>
    <clue>pigna</clue>
    <clue>vulcano</clue>
    <clue>tronco</clue>
    <clue>cappello</clue>
    <clue>luce</clue>
    <solution>cono</solution>
    <type>TV</type>
  </game>
  <game>
    <id>9f1474b9-2e2a-4f8c-8703-80db6801f6c4</id>
    <clue>candela</clue>
    <clue>letto</clue>
    <clue>fuori</clue>
    <clue>cretini</clue>
    <clue>ordinare</clue>
    <solution>fuori</solution>
    <type>TV</type>
  </game>
  <game>
    <id>0259e15c-062b-474d-858b-4bd3e74b5c04</id>
    <clue>lauzi</clue>
    <clue>surf</clue>
    <clue>messa</clue>
    <clue>radio</clue>
    <clue>verde</clue>
    <solution>onda</solution>
    <type>boardgame</type>
  </game>
  <game>
    <id>e80d0eaf-9467-4075-850e-d16a0b2f6664</id>
    <clue>inizio</clue>
    <clue>calcoli</clue>
    <clue>fortuna</clue>
    <clue>pistola</clue>
    <clue>mercato</clue>
    <solution>calcio</solution>
    <type>boardgame</type>
  </game>
  <game>
    <id>5da513f7-98ca-4965-91bc-31f270d589ea</id>
    <clue>fango</clue>
    <clue>classe</clue>
    <clue>quartiere</clue>
    <clue>gioco</clue>
    <clue>corpo</clue>
    <solution>lotta</solution>
    <type>TV</type>
  </game>
  <game>
    <id>560a2af8-0d50-4851-8444-02ac5110d12b</id>
    <clue>coniglio</clue>
    <clue>motore</clue>
    <clue>paperone</clue>
    <clue>turacciolo</clue>
    <clue>montanelli</clue>
    <solution>cilindro</solution>
    <type>boardgame</type>
  </game>
  <game>
    <id>13748e77-e600-4ebd-8c46-433347b5caa6</id>
    <clue>d'oro</clue>
    <clue>telefono</clue>
    <clue>bambina</clue>
    <clue>rigido</clue>
    <clue>freesbee</clue>
    <solution>disco</solution>
    <type>boardgame</type>
  </game>
  <game>
    <id>f91fed1d-0b18-4b54-9f31-7fbb257a1ca6</id>
    <clue>pentole</clue>
    <clue>100 m</clue>
    <clue>polli</clue>
    <clue>solare</clue>
    <clue>ringo starr</clue>
    <solution>batteria</solution>
    <type>boardgame</type>
  </game>
  <game>
    <id>2071624b-3c98-49a0-a9f5-db863d9edcc5</id>
    <clue>padre</clue>
    <clue>san bernardo</clue>
    <clue>grande</clue>
    <clue>trieste</clue>
    <clue>minuto</clue>
    <solution>piccolo</solution>
    <type>TV</type>
  </game>
  <game>
    <id>8261dcfb-3ad2-4e86-a643-7b4dc6924511</id>
    <clue>mezzanotte</clue>
    <clue>alunni</clue>
    <clue>re</clue>
    <clue>uniche</clue>
    <clue>mio</clue>
    <solution>sole</solution>
    <type>boardgame</type>
  </game>
  <game>
    <id>a89e19c3-24ac-401d-9a32-3f3f0e1e2522</id>
    <clue>anello</clue>
    <clue>cavaliere</clue>
    <clue>giro</clue>
    <clue>diritto</clue>
    <clue>salute</clue>
    <solution>maglia</solution>
    <type>TV</type>
  </game>
  <game>
    <id>3d69dbfa-cd49-423c-821d-62a1323dad23</id>
    <clue>statua</clue>
    <clue>ali</clue>
    <clue>lacca</clue>
    <clue>brutta</clue>
    <clue>passare</clue>
    <solution>cera</solution>
    <type>TV</type>
  </game>
  <game>
    <id>de50ec1d-df74-4920-b738-27bfd0b3e788</id>
    <clue>ora</clue>
    <clue>cabina</clue>
    <clue>stanza</clue>
    <clue>nero</clue>
    <clue>acqua</clue>
    <solution>buco</solution>
    <type>TV</type>
  </game>
  <game>
    <id>81127201-1e5e-4088-a2c9-1d5346a1d68a</id>
    <clue>nove</clue>
    <clue>donna</clue>
    <clue>egitto</clue>
    <clue>pesce</clue>
    <clue>romeo</clue>
    <solution>gatto</solution>
    <type>TV</type>
  </game>
  <game>
    <id>ed500bbb-da57-42ff-bac7-33ec9de6641c</id>
    <clue>buonanotte</clue>
    <clue>matrimonio</clue>
    <clue>racconto</clue>
    <clue>paese</clue>
    <clue>morale</clue>
    <solution>favola</solution>
    <type>TV</type>
  </game>
  <game>
    <id>063cd014-8c9b-42be-8fda-a4fa46abc3b0</id>
    <clue>canna</clue>
    <clue>vita</clue>
    <clue>maggiore</clue>
    <clue>pistola</clue>
    <clue>amico</clue>
    <solution>cane</solution>
    <type>TV</type>
  </game>
  <game>
    <id>ee6d0f1c-bced-4487-9ff9-ccffdcf62fa9</id>
    <clue>giovane</clue>
    <clue>verbale</clue>
    <clue>debito</clue>
    <clue>matrimonio</clue>
    <clue>marinaio</clue>
    <solution>promessa</solution>
    <type>TV</type>
  </game>
  <game>
    <id>be46dcde-7552-4bd2-bb20-b9a555233b10</id>
    <clue>passare</clue>
    <clue>limite</clue>
    <clue>avanti</clue>
    <clue>tutto</clue>
    <clue>mare</clue>
    <solution>oltre</solution>
    <type>TV</type>
  </game>
  <game>
    <id>3743f221-1f13-45e1-af7a-3efbf1c6e6e4</id>
    <clue>dare</clue>
    <clue>bianco</clue>
    <clue>aperto</clue>
    <clue>conquista</clue>
    <clue>temporale</clue>
    <solution>spazio</solution>
    <type>TV</type>
  </game>
  <game>
    <id>46a399ff-1ae7-4f11-b501-88ab6e6416ef</id>
    <clue>inter</clue>
    <clue>partito</clue>
    <clue>libertà</clue>
    <clue>piano</clue>
    <clue>uomo</clue>
    <solution>azione</solution>
    <type>TV</type>
  </game>
  <game>
    <id>647dabe7-cb60-4d94-99c5-b611a1f4e18c</id>
    <clue>stretta</clue>
    <clue>carte</clue>
    <clue>opera</clue>
    <clue>zingara</clue>
    <clue>contro</clue>
    <solution>mano</solution>
    <type>boardgame</type>
  </game>
  <game>
    <id>ff08e744-8ea1-48a5-9386-3eafdc4f5776</id>
    <clue>titolo</clue>
    <clue>mio</clue>
    <clue>amore</clue>
    <clue>amico</clue>
    <clue>corona</clue>
    <solution>tesoro</solution>
    <type>TV</type>
  </game>
  <game>
    <id>463ffbce-dd12-40cb-813e-eb1c6f0c10fe</id>
    <clue>sant'antonio</clue>
    <clue>rosa</clue>
    <clue>coppa</clue>
    <clue>lordo</clue>
    <clue>salvadanaio</clue>
    <solution>maiale</solution>
    <type>boardgame</type>
  </game>
  <game>
    <id>b1e7c244-0c9e-455a-b22f-7faeab60ce7e</id>
    <clue>polizia</clue>
    <clue>asia</clue>
    <clue>aggressiva</clue>
    <clue>protesta</clue>
    <clue>siena</clue>
    <solution>pantera</solution>
    <type>TV</type>
  </game>
  <game>
    <id>c609e6ea-a067-4c64-9d9a-6aff692eb46b</id>
    <clue>secco</clue>
    <clue>whiskey</clue>
    <clue>palazzo</clue>
    <clue>occhi</clue>
    <clue>zero</clue>
    <solution>ghiaccio</solution>
    <type>boardgame</type>
  </game>
  <game>
    <id>6ea12a06-b85e-4bc5-a261-b706ba629278</id>
    <clue>venezia</clue>
    <clue>vita</clue>
    <clue>fiera</clue>
    <clue>fiori</clue>
    <clue>orecchie</clue>
    <solution>mercante</solution>
    <type>TV</type>
  </game>
  <game>
    <id>d84de8f7-8f79-4fd9-badd-2af3be43fab6</id>
    <clue>scrittura</clue>
    <clue>quota</clue>
    <clue>mosca</clue>
    <clue>gola</clue>
    <clue>umano</clue>
    <solution>capitale</solution>
    <type>TV</type>
  </game>
  <game>
    <id>353e93e9-976c-4927-9f6d-e060557a2ff2</id>
    <clue>medioevo</clue>
    <clue>volare</clue>
    <clue>grave</clue>
    <clue>colpo</clue>
    <clue>paul nei beatles</clue>
    <solution>basso</solution>
    <type>boardgame</type>
  </game>
  <game>
    <id>f4ed2002-caa5-49a4-afab-d90d3bf1b431</id>
    <clue>sacro</clue>
    <clue>pettine</clue>
    <clue>molla</clue>
    <clue>buco</clue>
    <clue>duro</clue>
    <solution>osso</solution>
    <type>TV</type>
  </game>
  <game>
    <id>b52f248e-98ad-498f-9f1b-0f724736a401</id>
    <clue>rossa</clue>
    <clue>veneziana</clue>
    <clue>doccia</clue>
    <clue>sottoterra</clue>
    <clue>treccia</clue>
    <solution>cipolla</solution>
    <type>boardgame</type>
  </game>
  <game>
    <id>32d1888a-ac68-4b77-933d-a6889b8f726f</id>
    <clue>deserto</clue>
    <clue>stomaco</clue>
    <clue>assegno</clue>
    <clue>sotto</clue>
    <clue>perdere</clue>
    <solution>vuoto</solution>
    <type>boardgame</type>
  </game>
  <game>
    <id>d76b6524-b5bc-4700-bd43-9101e0975224</id>
    <clue>44</clue>
    <clue>parto</clue>
    <clue>luglio</clue>
    <clue>ragazzi</clue>
    <clue>zar</clue>
    <solution>cesare</solution>
    <type>boardgame</type>
  </game>
  <game>
    <id>74724183-dabb-4f9c-b504-ac3dce604dea</id>
    <clue>pavone</clue>
    <clue>morso</clue>
    <clue>stagnante</clue>
    <clue>jurassic park</clue>
    <clue>tigre</clue>
    <solution>zanzara</solution>
    <type>boardgame</type>
  </game>
  <game>
    <id>462dde2e-09f2-466c-9b2a-206b08f5fbdc</id>
    <clue>armadio</clue>
    <clue>vecchio</clue>
    <clue>vacanza</clue>
    <clue>lucchetti</clue>
    <clue>mobile</clue>
    <solution>ponte</solution>
    <type>TV</type>
  </game>
  <game>
    <id>fb3e4075-762f-45ea-8bdb-e94845518892</id>
    <clue>fante</clue>
    <clue>leopardi</clue>
    <clue>copione</clue>
    <clue>fortuna</clue>
    <clue>juve</clue>
    <solution>gobbo</solution>
    <type>boardgame</type>
  </game>
  <game>
    <id>73d94430-baf3-4f1d-936f-7c23f4e672a5</id>
    <clue>animale</clue>
    <clue>naturale</clue>
    <clue>bere</clue>
    <clue>colpo</clue>
    <clue>nostromo</clue>
    <solution>spugna</solution>
    <type>TV</type>
  </game>
  <game>
    <id>c094e8d1-9a84-4fec-ba73-fc2750281fdc</id>
    <clue>croce</clue>
    <clue>vena</clue>
    <clue>testa</clue>
    <clue>sandalo</clue>
    <clue>pinocchio</clue>
    <solution>legno</solution>
    <type>boardgame</type>
  </game>
  <game>
    <id>186bccd0-4344-43ae-b8e6-dfa170a9fa54</id>
    <clue>materasso</clue>
    <clue>mare</clue>
    <clue>bagno</clue>
    <clue>rabbia</clue>
    <clue>latte</clue>
    <solution>schiuma</solution>
    <type>TV</type>
  </game>
  <game>
    <id>0754b4fd-3aa4-4849-8c5c-b716c7178a1b</id>
    <clue>fuori</clue>
    <clue>vizio</clue>
    <clue>grana</clue>
    <clue>etichetta</clue>
    <clue>peso</clue>
    <solution>forma</solution>
    <type>boardgame</type>
  </game>
  <game>
    <id>84b254b3-ec1e-407d-b118-e3f013472101</id>
    <clue>fusto</clue>
    <clue>infame</clue>
    <clue>auto</clue>
    <clue>quotidiano</clue>
    <clue>termometro</clue>
    <solution>colonna</solution>
    <type>TV</type>
  </game>
  <game>
    <id>75b783a6-2bf4-45ae-8bca-ea3fc271e8b1</id>
    <clue>sabato</clue>
    <clue>fuori</clue>
    <clue>quarto</clue>
    <clue>critica</clue>
    <clue>finale</clue>
    <solution>fase</solution>
    <type>TV</type>
  </game>
  <game>
    <id>86caf7aa-38c5-43ba-8ff7-4312016dc8cb</id>
    <clue>allegria</clue>
    <clue>ufficiale</clue>
    <clue>suono</clue>
    <clue>bene</clue>
    <clue>prendere</clue>
    <solution>nota</solution>
    <type>TV</type>
  </game>
  <game>
    <id>afb07fe3-6e1c-4f32-ac52-b5e889bfa913</id>
    <clue>moto</clue>
    <clue>forza</clue>
    <clue>livello</clue>
    <clue>vecchio</clue>
    <clue>nero</clue>
    <solution>mare</solution>
    <type>TV</type>
  </game>
  <game>
    <id>33be9a08-74e1-458f-8754-5dd37b6edd1b</id>
    <clue>superman</clue>
    <clue>zolfo</clue>
    <clue>santo</clue>
    <clue>lisca</clue>
    <clue>svezia</clue>
    <solution>s</solution>
    <type>boardgame</type>
  </game>
  <game>
    <id>4d05ea4a-9e66-48b5-975a-6fdd4f45a1ba</id>
    <clue>rosso</clue>
    <clue>uccello</clue>
    <clue>virtù</clue>
    <clue>punto</clue>
    <clue>claudia</clue>
    <solution>cardinale</solution>
    <type>boardgame</type>
  </game>
  <game>
    <id>18921d0f-28a9-4853-b589-71c98367de23</id>
    <clue>pisello</clue>
    <clue>felicità</clue>
    <clue>squadra</clue>
    <clue>salto in alto</clue>
    <clue>piazza</clue>
    <solution>materasso</solution>
    <type>boardgame</type>
  </game>
  <game>
    <id>fb0051b7-6a75-4717-92eb-796129418cee</id>
    <clue>fuori</clue>
    <clue>spese</clue>
    <clue>fisico</clue>
    <clue>pubblico</clue>
    <clue>matematica</clue>
    <solution>esercizio</solution>
    <type>TV</type>
  </game>
  <game>
    <id>3d0b7335-cb96-4bbc-9247-155eccd2309a</id>
    <clue>dottore</clue>
    <clue>disco</clue>
    <clue>trento</clue>
    <clue>classe 1973</clue>
    <clue>gesù</clue>
    <solution>33</solution>
    <type>boardgame</type>
  </game>
  <game>
    <id>9f63bb53-bfa3-4d4d-8de6-72c72826eb97</id>
    <clue>cielo</clue>
    <clue>domanda</clue>
    <clue>paraguay</clue>
    <clue>contratto</clue>
    <clue>trono</clue>
    <solution>assunzione</solution>
    <type>boardgame</type>
  </game>
  <game>
    <id>ba0c3e77-e9c3-44e3-b5e8-6a5fbcdd33b6</id>
    <clue>desiderio</clue>
    <clue>viva</clue>
    <clue>vecchia</clue>
    <clue>lingua</clue>
    <clue>ritorno</clue>
    <solution>fiamma</solution>
    <type>TV</type>
  </game>
  <game>
    <id>51aea0a7-d878-4df3-80db-97a819635e6f</id>
    <clue>arbore</clue>
    <clue>gol</clue>
    <clue>fratelli</clue>
    <clue>batterie</clue>
    <clue>alfiere</clue>
    <solution>bandiera</solution>
    <type>boardgame</type>
  </game>
  <game>
    <id>f87a8596-3011-4498-bab2-68e26c82d9a9</id>
    <clue>peso</clue>
    <clue>pesca</clue>
    <clue>pizzo</clue>
    <clue>zitto</clue>
    <clue>sambuca</clue>
    <solution>mosca</solution>
    <type>boardgame</type>
  </game>
  <game>
    <id>9c3d7f64-dcf8-413b-9817-bf83dfd752a9</id>
    <clue>polo</clue>
    <clue>vino</clue>
    <clue>gesto</clue>
    <clue>neon</clue>
    <clue>piano</clue>
    <solution>nobile</solution>
    <type>TV</type>
  </game>
  <game>
    <id>8a2623d9-cf24-4741-ac7d-e44a2da7c411</id>
    <clue>petto</clue>
    <clue>deserto</clue>
    <clue>verbo</clue>
    <clue>gira</clue>
    <clue>popolo</clue>
    <solution>voce</solution>
    <type>TV</type>
  </game>
  <game>
    <id>897774c1-06b2-43e2-a890-c921af56bf07</id>
    <clue>perdere</clue>
    <clue>oro</clue>
    <clue>automobile</clue>
    <clue>goal</clue>
    <clue>ladro</clue>
    <solution>occasione</solution>
    <type>TV</type>
  </game>
  <game>
    <id>d7ee7742-914f-4fb7-89b9-7b97c4e4ccde</id>
    <clue>testa</clue>
    <clue>muro</clue>
    <clue>maiale</clue>
    <clue>pelle</clue>
    <clue>stringere</clue>
    <solution>cinta</solution>
    <type>TV</type>
  </game>
  <game>
    <id>b98acce1-5bfd-4d6f-8646-2e94d0edfa5c</id>
    <clue>argento</clue>
    <clue>repubblica</clue>
    <clue>politica</clue>
    <clue>canino</clue>
    <clue>domenica</clue>
    <solution>ulivo</solution>
    <type>TV</type>
  </game>
  <game>
    <id>a838464c-6e90-4a42-8acf-0d75795a4d13</id>
    <clue>montagna</clue>
    <clue>buttarsi</clue>
    <clue>ascolto</clue>
    <clue>massimo</clue>
    <clue>curva</clue>
    <solution>picco</solution>
    <type>TV</type>
  </game>
  <game>
    <id>9f2644e3-4d4b-4a4d-a2c4-7d96e9cc02a8</id>
    <clue>fondo</clue>
    <clue>nero</clue>
    <clue>luna</clue>
    <clue>scarti</clue>
    <clue>scienza</clue>
    <solution>pozzo</solution>
    <type>TV</type>
  </game>
  <game>
    <id>4fcd2853-936e-43b6-8ba0-eb5ac7733e5c</id>
    <clue>ultimo</clue>
    <clue>cacciare</clue>
    <clue>battaglia</clue>
    <clue>dolore</clue>
    <clue>attore</clue>
    <solution>grido</solution>
    <type>TV</type>
  </game>
  <game>
    <id>385b55ad-ec87-437b-b149-8850060cb30e</id>
    <clue>montagna</clue>
    <clue>tenda</clue>
    <clue>scettro</clue>
    <clue>carota</clue>
    <clue>golf</clue>
    <solution>bastone</solution>
    <type>TV</type>
  </game>
  <game>
    <id>c46db660-b1cc-4abf-b021-797076639997</id>
    <clue>pietro</clue>
    <clue>robinson</clue>
    <clue>pesce</clue>
    <clue>pipì</clue>
    <clue>imparare</clue>
    <solution>pappagallo</solution>
    <type>TV</type>
  </game>
  <game>
    <id>82060411-3819-4a49-ad96-cf7e76cfba61</id>
    <clue>g</clue>
    <clue>mezzo</clue>
    <clue>polpo</clue>
    <clue>bismarck</clue>
    <clue>volante</clue>
    <solution>otto</solution>
    <type>boardgame</type>
  </game>
  <game>
    <id>86891593-de59-480a-acb9-a70fabdd68e4</id>
    <clue>va</clue>
    <clue>coperta</clue>
    <clue>fantasma</clue>
    <clue>cammello</clue>
    <clue>scuola</clue>
    <solution>nave</solution>
    <type>TV</type>
  </game>
  <game>
    <id>25d173d7-a98b-4938-8899-92209d9ce602</id>
    <clue>milano</clue>
    <clue>termometro</clue>
    <clue>40</clue>
    <clue>libretto</clue>
    <clue>mercalli</clue>
    <solution>scala</solution>
    <type>boardgame</type>
  </game>
  <game>
    <id>d2f0785e-a150-4a53-b055-19c99cbe923d</id>
    <clue>lana</clue>
    <clue>palla</clue>
    <clue>diamante</clue>
    <clue>arte</clue>
    <clue>onu</clue>
    <solution>vetro</solution>
    <type>TV</type>
  </game>
  <game>
    <id>2a129c1b-07d8-4e03-9fdb-d589c535715d</id>
    <clue>firenze</clue>
    <clue>ferro</clue>
    <clue>carta</clue>
    <clue>tagliatelle</clue>
    <clue>nespole</clue>
    <solution>paglia</solution>
    <type>TV</type>
  </game>
  <game>
    <id>facb11d6-e1de-46bb-b93e-a2710afe2d67</id>
    <clue>mazzini</clue>
    <clue>1978</clue>
    <clue>renato</clue>
    <clue>matita</clue>
    <clue>tigre</clue>
    <solution>mina</solution>
    <type>boardgame</type>
  </game>
  <game>
    <id>36d32a7c-524b-425f-b8b8-652ee7fc7a2c</id>
    <clue>bianco</clue>
    <clue>filo</clue>
    <clue>racconti</clue>
    <clue>pirati</clue>
    <clue>argento</clue>
    <solution>terrore</solution>
    <type>TV</type>
  </game>
  <game>
    <id>76d22e96-7c42-4923-84e8-bdc28517bebf</id>
    <clue>svizzera</clue>
    <clue>forte</clue>
    <clue>miseria</clue>
    <clue>sincero</clue>
    <clue>porto</clue>
    <solution>franco</solution>
    <type>boardgame</type>
  </game>
  <game>
    <id>5e326bd8-6446-4ce3-bb60-a5beb587a826</id>
    <clue>scivolo</clue>
    <clue>mezza</clue>
    <clue>minima</clue>
    <clue>andare</clue>
    <clue>guerra</clue>
    <solution>pensione</solution>
    <type>TV</type>
  </game>
  <game>
    <id>40128f9b-9c3b-4b25-9efb-cb948b567e09</id>
    <clue>raidue</clue>
    <clue>6</clue>
    <clue>magico</clue>
    <clue>potenza</clue>
    <clue>discoteca</clue>
    <solution>cubo</solution>
    <type>boardgame</type>
  </game>
  <game>
    <id>12a61eb8-210e-453d-9e5d-989e83d87c83</id>
    <clue>paola</clue>
    <clue>canzone</clue>
    <clue>ricambio</clue>
    <clue>novanta</clue>
    <clue>articolo</clue>
    <solution>pezzo</solution>
    <type>TV</type>
  </game>
  <game>
    <id>4105a6e6-62b8-4f96-a541-a0be622c4481</id>
    <clue>giro</clue>
    <clue>patente</clue>
    <clue>deserto</clue>
    <clue>pantera</clue>
    <clue>confetto</clue>
    <solution>rosa</solution>
    <type>boardgame</type>
  </game>
  <game>
    <id>e270ec17-1597-46e4-b33e-9184874f316c</id>
    <clue>pote</clue>
    <clue>invisibile</clue>
    <clue>pubblico</clue>
    <clue>giurato</clue>
    <clue>fuoco</clue>
    <solution>nemico</solution>
    <type>TV</type>
  </game>
  <game>
    <id>36c98788-3b0c-4657-8bc7-24cfd58f98c6</id>
    <clue>verde</clue>
    <clue>comunale</clue>
    <clue>avaro</clue>
    <clue>giochi</clue>
    <clue>macchine</clue>
    <solution>parco</solution>
    <type>TV</type>
  </game>
  <game>
    <id>5e919441-38e8-4e3e-9520-2821947205af</id>
    <clue>monti</clue>
    <clue>critico</clue>
    <clue>greco</clue>
    <clue>basso</clue>
    <clue>legno</clue>
    <solution>profilo</solution>
    <type>TV</type>
  </game>
  <game>
    <id>c63443fc-f85f-401e-ac35-fdd9796a27bf</id>
    <clue>uomo</clue>
    <clue>occhio</clue>
    <clue>carta</clue>
    <clue>neve</clue>
    <clue>contro</clue>
    <solution>tigre</solution>
    <type>TV</type>
  </game>
  <game>
    <id>a587f92f-7f81-4b1c-ab2d-3c43e57cd428</id>
    <clue>giallo</clue>
    <clue>digestivo</clue>
    <clue>modena</clue>
    <clue>gabbietta</clue>
    <clue>tenerife</clue>
    <solution>canarino</solution>
    <type>boardgame</type>
  </game>
  <game>
    <id>c59f2688-c263-461e-b66c-d025888b1b51</id>
    <clue>fare</clue>
    <clue>stagione</clue>
    <clue>orologio</clue>
    <clue>cinese</clue>
    <clue>segnare</clue>
    <solution>calendario</solution>
    <type>TV</type>
  </game>
  <game>
    <id>cb150fdc-0de2-4b4f-b8b5-dd09bfbcab7b</id>
    <clue>torta</clue>
    <clue>san pietro</clue>
    <clue>patty pravo</clue>
    <clue>cielo</clue>
    <clue>destinazione</clue>
    <solution>paradiso</solution>
    <type>boardgame</type>
  </game>
  <game>
    <id>3699d485-c680-4cfb-9716-1ca1c2544bf8</id>
    <clue>salato</clue>
    <clue>diario</clue>
    <clue>lucrezio</clue>
    <clue>amico</clue>
    <clue>estinto</clue>
    <solution>caro</solution>
    <type>boardgame</type>
  </game>
  <game>
    <id>8839e082-4d75-47dd-b7ee-1c38fb218f86</id>
    <clue>nave</clue>
    <clue>bandiera</clue>
    <clue>carne</clue>
    <clue>casa</clue>
    <clue>settimana</clue>
    <solution>bianca</solution>
    <type>TV</type>
  </game>
  <game>
    <id>41738f32-bc86-4be8-9048-80a9c829d078</id>
    <clue>arte</clue>
    <clue>oro</clue>
    <clue>carte</clue>
    <clue>senza</clue>
    <clue>volume</clue>
    <solution>regola</solution>
    <type>TV</type>
  </game>
  <game>
    <id>5ad92518-e7fd-471b-94e2-d8cbd75ef272</id>
    <clue>dare</clue>
    <clue>pagare</clue>
    <clue>onesta</clue>
    <clue>via</clue>
    <clue>due punti</clue>
    <solution>retta</solution>
    <type>boardgame</type>
  </game>
  <game>
    <id>f425f039-2933-4756-8704-1e948411523b</id>
    <clue>folla</clue>
    <clue>maria</clue>
    <clue>sole</clue>
    <clue>turco</clue>
    <clue>umiltà</clue>
    <solution>bagno</solution>
    <type>TV</type>
  </game>
  <game>
    <id>a2f5bb60-61f2-45f3-ae42-d4f9c827223a</id>
    <clue>lingua</clue>
    <clue>paglia</clue>
    <clue>artificiale</clue>
    <clue>sparare</clue>
    <clue>s.antonio</clue>
    <solution>fuoco</solution>
    <type>boardgame</type>
  </game>
  <game>
    <id>4f8e6fee-3e2c-4c72-aec1-e926730a6c4a</id>
    <clue>unghie</clue>
    <clue>naso</clue>
    <clue>candela</clue>
    <clue>balla</clue>
    <clue>pietosa</clue>
    <solution>bugia</solution>
    <type>boardgame</type>
  </game>
  <game>
    <id>775081e1-bb29-4068-a9f6-ccecc356af59</id>
    <clue>denti</clue>
    <clue>tesoro</clue>
    <clue>norvegia</clue>
    <clue>stella</clue>
    <clue>orologio</clue>
    <solution>corona</solution>
    <type>TV</type>
  </game>
  <game>
    <id>a2eb2c4d-2185-4e56-ae3a-6678178e1b70</id>
    <clue>paola</clue>
    <clue>acqua</clue>
    <clue>assisi</clue>
    <clue>uovo</clue>
    <clue>lo scuro</clue>
    <solution>chiara</solution>
    <type>boardgame</type>
  </game>
  <game>
    <id>2e8a559a-5733-48d9-955b-9d6f53bc248d</id>
    <clue>adamo</clue>
    <clue>silenzio</clue>
    <clue>spia</clue>
    <clue>secondo</clue>
    <clue>libro</clue>
    <solution>indice</solution>
    <type>boardgame</type>
  </game>
  <game>
    <id>de2556a9-289c-44f2-a7f4-88c1e1345dbe</id>
    <clue>nove</clue>
    <clue>bomba</clue>
    <clue>camerino</clue>
    <clue>uno, due, tre</clue>
    <clue>cuoco</clue>
    <solution>prova</solution>
    <type>boardgame</type>
  </game>
  <game>
    <id>877df7de-b407-4dc7-a010-c74bbe3235fa</id>
    <clue>vetro</clue>
    <clue>benzina</clue>
    <clue>piedi</clue>
    <clue>cintura</clue>
    <clue>sigillo</clue>
    <solution>piombo</solution>
    <type>TV</type>
  </game>
  <game>
    <id>beeb2cee-ff54-44e0-a322-6f4facfd3aa8</id>
    <clue>numero</clue>
    <clue>bianco</clue>
    <clue>cavalli</clue>
    <clue>festival</clue>
    <clue>famiglie</clue>
    <solution>circo</solution>
    <type>TV</type>
  </game>
  <game>
    <id>9872cc6b-b3fd-48e2-aa00-c9f83012f56f</id>
    <clue>governo</clue>
    <clue>tornare</clue>
    <clue>energia</clue>
    <clue>salve</clue>
    <clue>sotto</clue>
    <solution>carica</solution>
    <type>TV</type>
  </game>
  <game>
    <id>8d621f67-87a2-486e-968f-e5ab1ed7b220</id>
    <clue>cammello</clue>
    <clue>rommel</clue>
    <clue>parigi-dakar</clue>
    <clue>sete</clue>
    <clue>fata morgana</clue>
    <solution>deserto</solution>
    <type>boardgame</type>
  </game>
  <game>
    <id>26c6ac27-1d1e-4077-b36a-bdcabcbff516</id>
    <clue>ruga</clue>
    <clue>brutta</clue>
    <clue>ciglia</clue>
    <clue>messa</clue>
    <clue>pantaloni</clue>
    <solution>piega</solution>
    <type>TV</type>
  </game>
  <game>
    <id>7b35bbaa-e1e2-4e3d-b74e-873699c367ad</id>
    <clue>macchina</clue>
    <clue>giro</clue>
    <clue>cucina</clue>
    <clue>potere</clue>
    <clue>visione</clue>
    <solution>presa</solution>
    <type>TV</type>
  </game>
  <game>
    <id>a5ae4a9f-fbbf-427e-93fd-2798216aa80d</id>
    <clue>terra</clue>
    <clue>carattere</clue>
    <clue>arresto</clue>
    <clue>vinta</clue>
    <clue>spalla</clue>
    <solution>battuta</solution>
    <type>boardgame</type>
  </game>
  <game>
    <id>7a8800c8-79ab-47c2-be58-a7f23855d0bf</id>
    <clue>paese</clue>
    <clue>pulito</clue>
    <clue>fontana</clue>
    <clue>terra</clue>
    <clue>terzo</clue>
    <solution>mondo</solution>
    <type>boardgame</type>
  </game>
  <game>
    <id>429361c2-f796-4952-871a-b0e24bd8cc5d</id>
    <clue>largo</clue>
    <clue>x</clue>
    <clue>onda</clue>
    <clue>luce</clue>
    <clue>ruota</clue>
    <solution>raggio</solution>
    <type>TV</type>
  </game>
  <game>
    <id>2ad628de-f1bb-408e-bb86-a5a27c093083</id>
    <clue>oro</clue>
    <clue>scrivere</clue>
    <clue>domani</clue>
    <clue>nato</clue>
    <clue>latte</clue>
    <solution>gallina</solution>
    <type>TV</type>
  </game>
  <game>
    <id>884702aa-29e2-4117-a254-786a758c7fca</id>
    <clue>nero</clue>
    <clue>nudo</clue>
    <clue>croce</clue>
    <clue>contorno</clue>
    <clue>terzo</clue>
    <solution>occhio</solution>
    <type>TV</type>
  </game>
  <game>
    <id>9f1a62c6-cc8e-4f1c-88ed-4fe11d2eca2c</id>
    <clue>adamo</clue>
    <clue>consiglio</clue>
    <clue>metro</clue>
    <clue>ali babà</clue>
    <clue>bianco</clue>
    <solution>notte</solution>
    <type>boardgame</type>
  </game>
  <game>
    <id>b9d46191-d9d7-4277-af2d-d5dba4c306e0</id>
    <clue>anni</clue>
    <clue>ape</clue>
    <clue>fiorentina</clue>
    <clue>sardo</clue>
    <clue>zucca</clue>
    <solution>fiore</solution>
    <type>boardgame</type>
  </game>
  <game>
    <id>1bbbb5b0-e464-4056-b73a-6bcba58f9be8</id>
    <clue>intelligente</clue>
    <clue>becco</clue>
    <clue>re di francia</clue>
    <clue>flipper</clue>
    <clue>farfalla</clue>
    <solution>delfino</solution>
    <type>TV</type>
  </game>
  <game>
    <id>670e8cf0-e0c5-4fa5-803d-b932aa86b484</id>
    <clue>cervello</clue>
    <clue>crociera</clue>
    <clue>cielo</clue>
    <clue>buona</clue>
    <clue>alessandro</clue>
    <solution>volta</solution>
    <type>TV</type>
  </game>
  <game>
    <id>c5616456-b5b3-492b-8db2-68d836039a31</id>
    <clue>aurora</clue>
    <clue>unito</clue>
    <clue>esaurito</clue>
    <clue>sciolto</clue>
    <clue>orario</clue>
    <solution>fuso</solution>
    <type>boardgame</type>
  </game>
  <game>
    <id>86ebf4af-4b57-4f59-a3da-3c9173ef578c</id>
    <clue>stella</clue>
    <clue>città</clue>
    <clue>poltrona</clue>
    <clue>scope</clue>
    <clue>prima</clue>
    <solution>cinema</solution>
    <type>TV</type>
  </game>
  <game>
    <id>6755985a-7ef7-4102-805c-1e3a683790ab</id>
    <clue>cassa</clue>
    <clue>vampiro</clue>
    <clue>tirare</clue>
    <clue>rotta</clue>
    <clue>v</clue>
    <solution>collo</solution>
    <type>boardgame</type>
  </game>
  <game>
    <id>9e6f5f3f-a607-491d-b549-5a9c7e0ab848</id>
    <clue>viola</clue>
    <clue>temporale</clue>
    <clue>tirare</clue>
    <clue>giovanna</clue>
    <clue>rampante</clue>
    <solution>arco</solution>
    <type>boardgame</type>
  </game>
  <game>
    <id>16927bc9-b1a0-4169-a1a9-87d9dc02345c</id>
    <clue>leggere</clue>
    <clue>re</clue>
    <clue>camera</clue>
    <clue>orecchie</clue>
    <clue>carta</clue>
    <solution>musica</solution>
    <type>TV</type>
  </game>
  <game>
    <id>4b0ef11f-f233-4fd9-820a-df74e321a3d3</id>
    <clue>spade</clue>
    <clue>volante</clue>
    <clue>batman</clue>
    <clue>manica</clue>
    <clue>piantare</clue>
    <solution>asso</solution>
    <type>TV</type>
  </game>
  <game>
    <id>38bdb8a9-db36-43f2-bdbe-47f3789073e8</id>
    <clue>corona</clue>
    <clue>montagna</clue>
    <clue>cardinale</clue>
    <clue>leone</clue>
    <clue>fame</clue>
    <solution>dente</solution>
    <type>TV</type>
  </game>
  <game>
    <id>8250c4eb-28c6-4e7c-a458-4cc736cb982b</id>
    <clue>chiara</clue>
    <clue>pane</clue>
    <clue>metro</clue>
    <clue>tigre</clue>
    <clue>televisione</clue>
    <solution>neve</solution>
    <type>TV</type>
  </game>
  <game>
    <id>b3ae5395-eb32-4eb8-a6ae-a01cc2da7598</id>
    <clue>giro</clue>
    <clue>cavallo</clue>
    <clue>bandiera</clue>
    <clue>cattiva</clue>
    <clue>dama</clue>
    <solution>compagnia</solution>
    <type>TV</type>
  </game>
  <game>
    <id>baad5748-2efc-43fa-8c62-0c1a3057556f</id>
    <clue>mercurio</clue>
    <clue>al</clue>
    <clue>occasione</clue>
    <clue>polli</clue>
    <clue>totò</clue>
    <solution>ladro</solution>
    <type>boardgame</type>
  </game>
  <game>
    <id>495aa765-3ee2-4fa8-b58c-7934552d1d95</id>
    <clue>delicato</clue>
    <clue>tocco</clue>
    <clue>insistere</clue>
    <clue>citofono</clue>
    <clue>lettera</clue>
    <solution>tasto</solution>
    <type>TV</type>
  </game>
  <game>
    <id>39c06da6-55cb-4422-9fd8-307ab732237f</id>
    <clue>bambini</clue>
    <clue>acqua</clue>
    <clue>reno</clue>
    <clue>libia</clue>
    <clue>carcere</clue>
    <solution>colonia</solution>
    <type>TV</type>
  </game>
  <game>
    <id>d53ae85d-b947-4ec1-9339-519e2e21637f</id>
    <clue>galantuomo</clue>
    <clue>mele</clue>
    <clue>valzer</clue>
    <clue>ammazzare</clue>
    <clue>lupi</clue>
    <solution>tempo</solution>
    <type>boardgame</type>
  </game>
  <game>
    <id>5cd8f311-ff24-421b-87ed-62308d606480</id>
    <clue>austria</clue>
    <clue>prima</clue>
    <clue>asso</clue>
    <clue>cercasi</clue>
    <clue>autostrada</clue>
    <solution>a</solution>
    <type>boardgame</type>
  </game>
  <game>
    <id>ffccd0b8-7cdc-4e55-80e8-b494541116fa</id>
    <clue>napoli</clue>
    <clue>50</clue>
    <clue>rosso</clue>
    <clue>bocca</clue>
    <clue>età</clue>
    <solution>oro</solution>
    <type>TV</type>
  </game>
  <game>
    <id>7eafb52a-6fc2-4f7b-b4d4-252da4251da0</id>
    <clue>bello</clue>
    <clue>inter</clue>
    <clue>vino</clue>
    <clue>indosso</clue>
    <clue>fronte</clue>
    <solution>porto</solution>
    <type>TV</type>
  </game>
  <game>
    <id>d54ab0f2-d771-475a-b0f1-496c7898dbd8</id>
    <clue>fatti</clue>
    <clue>corte</clue>
    <clue>chiudere</clue>
    <clue>bruno</clue>
    <clue>calcoli</clue>
    <solution>conti</solution>
    <type>boardgame</type>
  </game>
  <game>
    <id>ae36b78c-601e-4b0d-a192-ea76024e9058</id>
    <clue>marinaio</clue>
    <clue>secco</clue>
    <clue>fortuna</clue>
    <clue>gelato</clue>
    <clue>due volte</clue>
    <solution>biscotto</solution>
    <type>TV</type>
  </game>
  <game>
    <id>229485e4-c66e-40c1-95b5-5ff179155753</id>
    <clue>passato</clue>
    <clue>bianco</clue>
    <clue>aristocrazia</clue>
    <clue>roberto</clue>
    <clue>scarpe</clue>
    <solution>crema</solution>
    <type>TV</type>
  </game>
  <game>
    <id>eb5b0248-b078-48a4-8f45-7181daf896c9</id>
    <clue>fifone</clue>
    <clue>playboy</clue>
    <clue>cacciatora</clue>
    <clue>carota</clue>
    <clue>orecchioni</clue>
    <solution>coniglio</solution>
    <type>boardgame</type>
  </game>
  <game>
    <id>e1844ecd-323a-4616-b646-9ae53317d902</id>
    <clue>fermo</clue>
    <clue>barba</clue>
    <clue>fondazione</clue>
    <clue>furto</clue>
    <clue>tensione</clue>
    <solution>palo</solution>
    <type>TV</type>
  </game>
  <game>
    <id>b58fc45a-f84a-42fa-88a6-ecd2cd26ed60</id>
    <clue>mantagna</clue>
    <clue>tiro</clue>
    <clue>sera</clue>
    <clue>spirito</clue>
    <clue>festa</clue>
    <solution>campanile</solution>
    <type>TV</type>
  </game>
  <game>
    <id>a3bfb986-fd5f-4a24-a1d0-d2d1487d5ea2</id>
    <clue>vertebre</clue>
    <clue>pianoforte</clue>
    <clue>ultimo</clue>
    <clue>occhio</clue>
    <clue>testa</clue>
    <solution>coda</solution>
    <type>boardgame</type>
  </game>
  <game>
    <id>8ae325de-3c74-49fd-a7f5-a1ce868a0182</id>
    <clue>vincere</clue>
    <clue>niente</clue>
    <clue>brutto</clue>
    <clue>morire</clue>
    <clue>volare</clue>
    <solution>paura</solution>
    <type>TV</type>
  </game>
  <game>
    <id>597240b8-4a16-4579-8a48-91756c3c8c5b</id>
    <clue>figlio</clue>
    <clue>secondo</clue>
    <clue>florida</clue>
    <clue>noce</clue>
    <clue>debole</clue>
    <solution>carne</solution>
    <type>TV</type>
  </game>
  <game>
    <id>c6436a8c-7ea6-42ed-ba63-cf5609f71a28</id>
    <clue>colpo di testa</clue>
    <clue>gioco</clue>
    <clue>passero solitario</clue>
    <clue>maschio</clue>
    <clue>controllo</clue>
    <solution>torre</solution>
    <type>boardgame</type>
  </game>
  <game>
    <id>68412d24-0855-476f-b232-5491e5d713c1</id>
    <clue>vivaldi</clue>
    <clue>letto caldo</clue>
    <clue>voto</clue>
    <clue>campagna</clue>
    <clue>terence hill</clue>
    <solution>prete</solution>
    <type>boardgame</type>
  </game>
  <game>
    <id>dc721543-4ddf-46a4-bddd-a0653e8a5239</id>
    <clue>telefono</clue>
    <clue>cane</clue>
    <clue>scrivo</clue>
    <clue>tesoro</clue>
    <clue>musica</clue>
    <solution>amico</solution>
    <type>TV</type>
  </game>
  <game>
    <id>62c9364f-0f77-4a6c-8529-5d9e895bf338</id>
    <clue>nicola</clue>
    <clue>roma</clue>
    <clue>farina</clue>
    <clue>pranzo</clue>
    <clue>poltrona</clue>
    <solution>sacco</solution>
    <type>TV</type>
  </game>
  <game>
    <id>f7e991b9-f489-47aa-bbbd-6f99b82bc16c</id>
    <clue>svizzera</clue>
    <clue>monaco</clue>
    <clue>cinema</clue>
    <clue>cerchio</clue>
    <clue>parco</clue>
    <solution>paradiso</solution>
    <type>TV</type>
  </game>
  <game>
    <id>e0b3f21f-5c48-4432-af0b-8ca28b91e420</id>
    <clue>fiorello</clue>
    <clue>livello</clue>
    <clue>boxe</clue>
    <clue>piemontese</clue>
    <clue>svizzera</clue>
    <solution>guardia</solution>
    <type>boardgame</type>
  </game>
  <game>
    <id>41bea9fa-8608-4c46-a204-1b58661ffb68</id>
    <clue>schiavo</clue>
    <clue>bambina</clue>
    <clue>sono io</clue>
    <clue>italia 90</clue>
    <clue>nì</clue>
    <solution>ciao</solution>
    <type>boardgame</type>
  </game>
  <game>
    <id>09747fab-ea8f-4727-9178-471125d59348</id>
    <clue>testa</clue>
    <clue>fagiolo</clue>
    <clue>giuda</clue>
    <clue>colpo</clue>
    <clue>più o meno</clue>
    <solution>occhio</solution>
    <type>boardgame</type>
  </game>
  <game>
    <id>cfcec232-ee26-4fe4-92be-07522d988aec</id>
    <clue>quindici</clue>
    <clue>anulare</clue>
    <clue>luna</clue>
    <clue>mille</clue>
    <clue>la stampa</clue>
    <solution>quarto</solution>
    <type>boardgame</type>
  </game>
  <game>
    <id>e7c9fb27-63e5-4ebb-a8ee-481c09936377</id>
    <clue>anima</clue>
    <clue>sport</clue>
    <clue>ufficiale</clue>
    <clue>esame</clue>
    <clue>centro</clue>
    <solution>medico</solution>
    <type>TV</type>
  </game>
  <game>
    <id>5615dd32-699a-4a8e-9073-4dc185e4ab26</id>
    <clue>occhi</clue>
    <clue>muratore</clue>
    <clue>legno</clue>
    <clue>grassa</clue>
    <clue>elezioni</clue>
    <solution>matita</solution>
    <type>TV</type>
  </game>
  <game>
    <id>c6170acf-e477-4d7c-b3bb-312ebc295de7</id>
    <clue>andare</clue>
    <clue>moby dick</clue>
    <clue>sceicco</clue>
    <clue>colletto</clue>
    <clue>di punto</clue>
    <solution>bianco</solution>
    <type>boardgame</type>
  </game>
  <game>
    <id>31a57ade-00b1-476b-ad74-f4030fd505b9</id>
    <clue>cosa</clue>
    <clue>testa</clue>
    <clue>segreto</clue>
    <clue>impresa</clue>
    <clue>grande</clue>
    <solution>successo</solution>
    <type>TV</type>
  </game>
  <game>
    <id>d697fb00-cada-4b06-808f-414a91681a7b</id>
    <clue>molla</clue>
    <clue>completo</clue>
    <clue>gas</clue>
    <clue>massimo</clue>
    <clue>qui</clue>
    <solution>tutto</solution>
    <type>boardgame</type>
  </game>
  <game>
    <id>9b1fcf3f-cb43-4cc5-910a-e6e0dc7cd063</id>
    <clue>famiglia</clue>
    <clue>cadere</clue>
    <clue>forma</clue>
    <clue>città</clue>
    <clue>capitale</clue>
    <solution>vizio</solution>
    <type>TV</type>
  </game>
  <game>
    <id>995b8698-70e4-468e-8859-9ee03856a006</id>
    <clue>guerra</clue>
    <clue>dono</clue>
    <clue>notte</clue>
    <clue>medico</clue>
    <clue>europa</clue>
    <solution>consiglio</solution>
    <type>TV</type>
  </game>
  <game>
    <id>3ae0fc2e-e6fe-4e91-93fd-cd18e1b6d974</id>
    <clue>stagno</clue>
    <clue>mano</clue>
    <clue>cane</clue>
    <clue>leva</clue>
    <clue>capelli</clue>
    <solution>ferma</solution>
    <type>TV</type>
  </game>
  <game>
    <id>25194b97-db70-4332-9634-374bdded3256</id>
    <clue>lotteria</clue>
    <clue>ragazze</clue>
    <clue>a</clue>
    <clue>telefilm</clue>
    <clue>fuori</clue>
    <solution>serie</solution>
    <type>TV</type>
  </game>
  <game>
    <id>478b23ff-f3f5-450b-9e62-cddbdf8ea602</id>
    <clue>camera</clue>
    <clue>cervo</clue>
    <clue>lago</clue>
    <clue>vita</clue>
    <clue>corallo</clue>
    <solution>ramo</solution>
    <type>TV</type>
  </game>
  <game>
    <id>a74aa498-51af-400e-91cb-d235f862c31f</id>
    <clue>brava</clue>
    <clue>libro</clue>
    <clue>sedano</clue>
    <clue>cara</clue>
    <clue>nikka</clue>
    <solution>costa</solution>
    <type>boardgame</type>
  </game>
  <game>
    <id>ce85f46b-b413-46ac-9f38-13eda670afba</id>
    <clue>classe</clue>
    <clue>vivo</clue>
    <clue>uomo</clue>
    <clue>lavoro</clue>
    <clue>monaco</clue>
    <solution>abito</solution>
    <type>TV</type>
  </game>
  <game>
    <id>76350501-9988-476c-92c8-2652d618111b</id>
    <clue>veloci</clue>
    <clue>bionda</clue>
    <clue>ottobre</clue>
    <clue>cento anni</clue>
    <clue>salsicce</clue>
    <solution>birra</solution>
    <type>TV</type>
  </game>
  <game>
    <id>15be570b-b598-49f3-b559-15ce19e40600</id>
    <clue>petrolio</clue>
    <clue>lago</clue>
    <clue>bua</clue>
    <clue>anche</clue>
    <clue>buonanotte</clue>
    <solution>bacino</solution>
    <type>boardgame</type>
  </game>
  <game>
    <id>897a8dfc-84d2-4eee-8f79-eecbdb5bc9ff</id>
    <clue>pane</clue>
    <clue>secondo</clue>
    <clue>staffetta</clue>
    <clue>sbarra</clue>
    <clue>comune</clue>
    <solution>frazione</solution>
    <type>TV</type>
  </game>
  <game>
    <id>da519e42-186d-4358-b812-2eddefee44a1</id>
    <clue>no</clue>
    <clue>muro</clue>
    <clue>colpo</clue>
    <clue>tirare</clue>
    <clue>restare</clue>
    <solution>secco</solution>
    <type>TV</type>
  </game>
  <game>
    <id>3f735308-3827-4004-8dae-054a8bce0ec4</id>
    <clue>pepe</clue>
    <clue>duro</clue>
    <clue>moneta</clue>
    <clue>campo</clue>
    <clue>melo</clue>
    <solution>grano</solution>
    <type>TV</type>
  </game>
  <game>
    <id>98d8c461-7a6d-4ffa-a517-35a07af6b499</id>
    <clue>caro</clue>
    <clue>stazione</clue>
    <clue>fuoco</clue>
    <clue>macchia</clue>
    <clue>buono</clue>
    <solution>benzina</solution>
    <type>TV</type>
  </game>
  <game>
    <id>b58ec569-06ee-49e2-b87f-08645c42eb58</id>
    <clue>mare</clue>
    <clue>servizio</clue>
    <clue>facile</clue>
    <clue>salute</clue>
    <clue>staffa</clue>
    <solution>bicchiere</solution>
    <type>TV</type>
  </game>
  <game>
    <id>35fe62d4-8763-4c16-bd31-1643060103ab</id>
    <clue>fiore</clue>
    <clue>piede</clue>
    <clue>amaro</clue>
    <clue>rene</clue>
    <clue>fuoco</clue>
    <solution>calice</solution>
    <type>TV</type>
  </game>
  <game>
    <id>25d56a2d-db79-4c22-80c1-8de70a4435a7</id>
    <clue>jekyll</clue>
    <clue>cortesia</clue>
    <clue>piena</clue>
    <clue>tre</clue>
    <clue>giuramento</clue>
    <solution>formula</solution>
    <type>TV</type>
  </game>
  <game>
    <id>6bc93934-df85-4f80-8158-3d8a40fb3536</id>
    <clue>venere</clue>
    <clue>pelo</clue>
    <clue>scorpione</clue>
    <clue>sciare</clue>
    <clue>corrente</clue>
    <solution>acqua</solution>
    <type>TV</type>
  </game>
  <game>
    <id>b5ad8f6f-67da-453f-8591-b9632fed997e</id>
    <clue>1795-1805</clue>
    <clue>vapore</clue>
    <clue>elle</clue>
    <clue>maniglie</clue>
    <clue>senatore</clue>
    <solution>cavallo</solution>
    <type>TV</type>
  </game>
  <game>
    <id>c8baddae-6d62-4777-b940-6cc5997c06f7</id>
    <clue>senza</clue>
    <clue>camera</clue>
    <clue>ragazza</clue>
    <clue>quattro</clue>
    <clue>roulette</clue>
    <solution>pari</solution>
    <type>TV</type>
  </game>
  <game>
    <id>a21b6cbf-8912-41fd-9ec8-f9e5d1e55869</id>
    <clue>vita</clue>
    <clue>brutta</clue>
    <clue>automobile</clue>
    <clue>risposta</clue>
    <clue>tenère</clue>
    <solution>botta</solution>
    <type>TV</type>
  </game>
  <game>
    <id>ca70d6b0-a7da-4f2c-9a8c-112a5b011a6e</id>
    <clue>comune</clue>
    <clue>arte</clue>
    <clue>passaporto</clue>
    <clue>fatto</clue>
    <clue>destino</clue>
    <solution>nome</solution>
    <type>TV</type>
  </game>
  <game>
    <id>6478a501-455e-49ff-86b3-e2c9b360aeaa</id>
    <clue>forza</clue>
    <clue>cercare</clue>
    <clue>duro</clue>
    <clue>casa</clue>
    <clue>rapporto</clue>
    <solution>lavoro</solution>
    <type>TV</type>
  </game>
  <game>
    <id>40021dad-b05e-4cac-9969-1c784ad4d3fc</id>
    <clue>pasta</clue>
    <clue>pugile</clue>
    <clue>pellegrino</clue>
    <clue>collezione</clue>
    <clue>ostrica</clue>
    <solution>conchiglia</solution>
    <type>TV</type>
  </game>
  <game>
    <id>323d80d5-a605-4d7c-9c39-a19ddf6d9b38</id>
    <clue>bel</clue>
    <clue>che</clue>
    <clue>comune</clue>
    <clue>famiglia</clue>
    <clue>stereo</clue>
    <solution>tipo</solution>
    <type>TV</type>
  </game>
  <game>
    <id>20334fc2-aa8b-4f75-9cd1-c33e454c9197</id>
    <clue>industria</clue>
    <clue>canzone</clue>
    <clue>squadra</clue>
    <clue>porto</clue>
    <clue>ultimo</clue>
    <solution>capitano</solution>
    <type>TV</type>
  </game>
  <game>
    <id>e729d9c9-f011-4f03-aac5-82282d6bf466</id>
    <clue>introduzione</clue>
    <clue>cowboy</clue>
    <clue>fungo</clue>
    <clue>23</clue>
    <clue>fare tanto</clue>
    <solution>cappello</solution>
    <type>boardgame</type>
  </game>
  <game>
    <id>4ccfb32b-c7db-4182-9e8d-838f6ddf885d</id>
    <clue>giovani</clue>
    <clue>goal</clue>
    <clue>orologio</clue>
    <clue>lavoro</clue>
    <clue>amore</clue>
    <solution>manuale</solution>
    <type>TV</type>
  </game>
  <game>
    <id>5c876e65-14ca-4ee8-8322-8f76d8f830a6</id>
    <clue>politica</clue>
    <clue>inverno</clue>
    <clue>massimo</clue>
    <clue>termini</clue>
    <clue>tiro</clue>
    <solution>rigore</solution>
    <type>TV</type>
  </game>
  <game>
    <id>1e0c2f1e-15ce-441a-9db0-4b5a6eefedd3</id>
    <clue>luogo</clue>
    <clue>fuoco</clue>
    <clue>amore</clue>
    <clue>osso</clue>
    <clue>romano</clue>
    <solution>sacro</solution>
    <type>TV</type>
  </game>
  <game>
    <id>c3966dc3-dc5c-491e-aaba-24a009e5faa4</id>
    <clue>edipo</clue>
    <clue>misteriosa</clue>
    <clue>senza naso</clue>
    <clue>leone</clue>
    <clue>chefren</clue>
    <solution>sfinge</solution>
    <type>boardgame</type>
  </game>
  <game>
    <id>430c7c59-b2ae-4a23-b7d9-9c0760cb7871</id>
    <clue>caro</clue>
    <clue>dolce</clue>
    <clue>re</clue>
    <clue>borsa</clue>
    <clue>senatore</clue>
    <solution>vita</solution>
    <type>TV</type>
  </game>
  <game>
    <id>ab9a9db0-817d-4824-8f4b-a11e7d0b150d</id>
    <clue>punto</clue>
    <clue>venire</clue>
    <clue>servizio</clue>
    <clue>posizione</clue>
    <clue>istituto</clue>
    <solution>luce</solution>
    <type>TV</type>
  </game>
  <game>
    <id>05a4fd90-1a56-468e-9d12-9aa42c4e321d</id>
    <clue>solco</clue>
    <clue>lasciare</clue>
    <clue>schizzo</clue>
    <clue>sotto</clue>
    <clue>cd</clue>
    <solution>traccia</solution>
    <type>TV</type>
  </game>
  <game>
    <id>afa5c441-ca54-452d-937c-8c35036e102f</id>
    <clue>4</clue>
    <clue>casa</clue>
    <clue>ma và</clue>
    <clue>milan</clue>
    <clue>buon</clue>
    <solution>diavolo</solution>
    <type>boardgame</type>
  </game>
  <game>
    <id>9bef2771-90e3-4f21-b193-1c8760afee15</id>
    <clue>lunga</clue>
    <clue>peli</clue>
    <clue>fuoco</clue>
    <clue>madre</clue>
    <clue>gatto</clue>
    <solution>lingua</solution>
    <type>boardgame</type>
  </game>
  <game>
    <id>9080dc17-97ed-4815-b731-aace63ccae70</id>
    <clue>uomo</clue>
    <clue>naturale</clue>
    <clue>fiori</clue>
    <clue>secondo</clue>
    <clue>vento</clue>
    <solution>figlio</solution>
    <type>TV</type>
  </game>
  <game>
    <id>2e447b93-a230-408a-b44e-f8877ff72068</id>
    <clue>rivista</clue>
    <clue>colle</clue>
    <clue>pazza</clue>
    <clue>bella</clue>
    <clue>inno</clue>
    <solution>gioia</solution>
    <type>TV</type>
  </game>
  <game>
    <id>6eb5476f-30cc-4bcc-8ec6-62782f27e7ca</id>
    <clue>marzo</clue>
    <clue>bacchette</clue>
    <clue>ombra</clue>
    <clue>bombetta</clue>
    <clue>gesto</clue>
    <solution>ombrello</solution>
    <type>TV</type>
  </game>
  <game>
    <id>3919e4ff-ec27-4b0c-9cb8-85226a04deec</id>
    <clue>perugia</clue>
    <clue>mao</clue>
    <clue>banda</clue>
    <clue>prima</clue>
    <clue>acqua</clue>
    <solution>marcia</solution>
    <type>TV</type>
  </game>
  <game>
    <id>f29459ec-0f0d-41ce-a028-c4bb1cb715fd</id>
    <clue>campo</clue>
    <clue>grano</clue>
    <clue>cavallo</clue>
    <clue>arance</clue>
    <clue>legale</clue>
    <solution>battaglia</solution>
    <type>TV</type>
  </game>
  <game>
    <id>bc357bb7-2ebd-421e-a025-eb1c8cb0c486</id>
    <clue>vite</clue>
    <clue>poker</clue>
    <clue>passaggio</clue>
    <clue>pari</clue>
    <clue>vangelo</clue>
    <solution>passo</solution>
    <type>boardgame</type>
  </game>
  <game>
    <id>969e0730-9bc5-4d8c-8683-b943558bbbd7</id>
    <clue>brevi</clue>
    <clue>fare</clue>
    <clue>conti</clue>
    <clue>onde</clue>
    <clue>dama</clue>
    <solution>corte</solution>
    <type>boardgame</type>
  </game>
  <game>
    <id>cf4b7118-2a74-4c3d-b8e4-f150a82ef7ca</id>
    <clue>grosso</clue>
    <clue>insalata</clue>
    <clue>dentro</clue>
    <clue>rotonda</clue>
    <clue>giallo</clue>
    <solution>mare</solution>
    <type>TV</type>
  </game>
  <game>
    <id>e011acd7-1d40-46a2-91e7-32e15b921db9</id>
    <clue>grosso</clue>
    <clue>cerchio</clue>
    <clue>parco</clue>
    <clue>rotonda</clue>
    <clue>mare</clue>
    <solution>lento</solution>
    <type>TV</type>
  </game>
  <game>
    <id>eb006dea-9f5e-48f7-9f9c-a25a200c5d0c</id>
    <clue>nato</clue>
    <clue>uova</clue>
    <clue>torace</clue>
    <clue>forza</clue>
    <clue>gemelli</clue>
    <solution>camicia</solution>
    <type>boardgame</type>
  </game>
  <game>
    <id>bfa7189f-37bb-4344-b423-36db5196ddc9</id>
    <clue>mani</clue>
    <clue>dente</clue>
    <clue>norma</clue>
    <clue>uomo</clue>
    <clue>uovo</clue>
    <solution>pasta</solution>
    <type>TV</type>
  </game>
  <game>
    <id>2efd61c8-b46b-403d-b628-103b871096ff</id>
    <clue>sotto</clue>
    <clue>pane</clue>
    <clue>cambio</clue>
    <clue>massaggio</clue>
    <clue>puglia</clue>
    <solution>olio</solution>
    <type>TV</type>
  </game>
  <game>
    <id>bcfd3c5c-58f4-4053-b8c6-43046b4b7f4b</id>
    <clue>cammello</clue>
    <clue>corso</clue>
    <clue>colosseo</clue>
    <clue>scudo</clue>
    <clue>giunone</clue>
    <solution>moneta</solution>
    <type>TV</type>
  </game>
  <game>
    <id>4daf363c-1ca4-486a-9db5-a069967eaf8f</id>
    <clue>toro</clue>
    <clue>vita</clue>
    <clue>studio</clue>
    <clue>pugile</clue>
    <clue>canguro</clue>
    <solution>borsa</solution>
    <type>boardgame</type>
  </game>
  <game>
    <id>a3527ff2-ef29-43a9-ad85-e6982c785b14</id>
    <clue>miele</clue>
    <clue>bjorn borg</clue>
    <clue>berlino</clue>
    <clue>pelle</clue>
    <clue>solitario</clue>
    <solution>orso</solution>
    <type>boardgame</type>
  </game>
  <game>
    <id>da9a59fc-03e6-419e-b541-320f38526ad1</id>
    <clue>stomaco</clue>
    <clue>montagna</clue>
    <clue>orologio</clue>
    <clue>vetro</clue>
    <clue>nuda</clue>
    <solution>parete</solution>
    <type>TV</type>
  </game>
  <game>
    <id>5d4c1d90-34a3-4716-b334-9e690a8b71a0</id>
    <clue>quaranta</clue>
    <clue>scalfaro</clue>
    <clue>perdonare</clue>
    <clue>porta</clue>
    <clue>donna rosa</clue>
    <solution>sette</solution>
    <type>TV</type>
  </game>
  <game>
    <id>80c365d5-5b8e-4b7f-8daa-b0876f44dedb</id>
    <clue>grigio</clue>
    <clue>bagno</clue>
    <clue>pepè</clue>
    <clue>madre</clue>
    <clue>marianna</clue>
    <solution>perla</solution>
    <type>boardgame</type>
  </game>
  <game>
    <id>be1df003-3582-4fe5-9042-670471091317</id>
    <clue>una lira</clue>
    <clue>braccio</clue>
    <clue>pesca</clue>
    <clue>romana</clue>
    <clue>cucina</clue>
    <solution>bilancia</solution>
    <type>TV</type>
  </game>
  <game>
    <id>2d14b57a-f2eb-4446-846c-edb9b009b7a2</id>
    <clue>spedito</clue>
    <clue>gigante</clue>
    <clue>uomo</clue>
    <clue>carica</clue>
    <clue>vita</clue>
    <solution>passo</solution>
    <type>TV</type>
  </game>
  <game>
    <id>412f4af8-7291-4172-aa19-3ffd6286774c</id>
    <clue>pelle</clue>
    <clue>olio</clue>
    <clue>cavaliere</clue>
    <clue>scappare</clue>
    <clue>bosco</clue>
    <solution>macchia</solution>
    <type>TV</type>
  </game>
  <game>
    <id>d7e91326-26da-4100-b29f-fb8e6b51cbd3</id>
    <clue>giorno</clue>
    <clue>gioco</clue>
    <clue>macchina</clue>
    <clue>giuramento</clue>
    <clue>dico</clue>
    <solution>verità</solution>
    <type>TV</type>
  </game>
  <game>
    <id>6cd88c70-51af-4a0c-bc66-738b66abb65a</id>
    <clue>mosca</clue>
    <clue>americano</clue>
    <clue>furia</clue>
    <clue>concerto</clue>
    <clue>pianta</clue>
    <solution>caffè</solution>
    <type>TV</type>
  </game>
  <game>
    <id>62fc3778-44c7-4529-b7f8-123cf4db8cd9</id>
    <clue>beethoven</clue>
    <clue>incapace</clue>
    <clue>pistola</clue>
    <clue>zecca</clue>
    <clue>punta</clue>
    <solution>cane</solution>
    <type>boardgame</type>
  </game>
  <!-- DUPLICATE of 40021dad-b05e-4cac-9969-1c784ad4d3fc
  <game>
    <id>660ec5ab-4ded-4e59-b5e9-d1ac2c3cc6f4</id>
    <clue>pasta</clue>
    <clue>pugile</clue>
    <clue>pellegrino</clue>
    <clue>collezione</clue>
    <clue>ostrica</clue>
    <solution>conchiglia</solution>
    <type>TV</type>
  </game>
  -->
  <game>
    <id>7c34e2f3-d75a-42e9-9386-68d8950cc8d7</id>
    <clue>amore</clue>
    <clue>spirito</clue>
    <clue>tempo</clue>
    <clue>taxi</clue>
    <clue>canto</clue>
    <solution>libero</solution>
    <type>TV</type>
  </game>
  <game>
    <id>4ece5c1e-9fee-480e-8cad-bbb5fc1ba3a1</id>
    <clue>gomma</clue>
    <clue>quotidiano</clue>
    <clue>denti</clue>
    <clue>albero</clue>
    <clue>cassetta</clue>
    <solution>pane</solution>
    <type>boardgame</type>
  </game>
  <game>
    <id>ce64e0bb-f4e3-4fe2-b1ac-b125430c2662</id>
    <clue>vergine</clue>
    <clue>formaggio</clue>
    <clue>vino</clue>
    <clue>cella</clue>
    <clue>luna</clue>
    <solution>miele</solution>
    <type>TV</type>
  </game>
  <game>
    <id>565fb07c-00e4-4b5f-9de5-01494041cdfc</id>
    <clue>pio</clue>
    <clue>medaglia</clue>
    <clue>pago</clue>
    <clue>direzione</clue>
    <clue>poesia</clue>
    <solution>verso</solution>
    <type>boardgame</type>
  </game>
  <game>
    <id>e37d7370-2376-493b-8421-dd5787524b6f</id>
    <clue>pistone</clue>
    <clue>rosso</clue>
    <clue>marina</clue>
    <clue>partire</clue>
    <clue>grammofono</clue>
    <solution>tromba</solution>
    <type>boardgame</type>
  </game>
  <game>
    <id>d3daf88b-9657-4ef4-bcc4-3750788b7819</id>
    <clue>matita</clue>
    <clue>mestiere</clue>
    <clue>non si vede</clue>
    <clue>sala</clue>
    <clue>mago</clue>
    <solution>trucco</solution>
    <type>boardgame</type>
  </game>
  <game>
    <id>af6cece2-874e-4fb8-91d3-b24cef201e67</id>
    <clue>scemotto</clue>
    <clue>ride</clue>
    <clue>passione</clue>
    <clue>selvaggio</clue>
    <clue>dea</clue>
    <solution>venerdì</solution>
    <type>TV</type>
  </game>
  <game>
    <id>bd3ee9bf-635a-4f1b-bd6e-3115bc43f5b2</id>
    <clue>dolce</clue>
    <clue>male</clue>
    <clue>paura</clue>
    <clue>personale</clue>
    <clue>finta</clue>
    <solution>niente</solution>
    <type>TV</type>
  </game>
  <game>
    <id>a28b3a9a-4570-4815-ae72-c7fc1dd6f20d</id>
    <clue>muro</clue>
    <clue>vento</clue>
    <clue>dalai lama</clue>
    <clue>scacchi</clue>
    <clue>musica</clue>
    <solution>maestro</solution>
    <type>TV</type>
  </game>
  <game>
    <id>4b3cbcd5-1f17-402c-84c6-f52d9a207e8f</id>
    <clue>stretto</clue>
    <clue>vacanza</clue>
    <clue>coperta</clue>
    <clue>bandiera bianca</clue>
    <clue>ponente</clue>
    <solution>ponte</solution>
    <type>boardgame</type>
  </game>
  <game>
    <id>8e829fa3-5d47-4abd-ad24-5cbce7048466</id>
    <clue>cercare</clue>
    <clue>favole</clue>
    <clue>giallo</clue>
    <clue>radio</clue>
    <clue>modugno</clue>
    <solution>telefono</solution>
    <type>TV</type>
  </game>
  <game>
    <id>90dafbc5-5430-40f3-a652-ae5bf37caba1</id>
    <clue>palatino</clue>
    <clue>tempio</clue>
    <clue>monaca</clue>
    <clue>cipolla</clue>
    <clue>stendere</clue>
    <solution>velo</solution>
    <type>TV</type>
  </game>
  <game>
    <id>af3e2e77-fb19-4694-bc9b-57adcf1a071d</id>
    <clue>vuoto</clue>
    <clue>rabbia</clue>
    <clue>telefono</clue>
    <clue>stipendio</clue>
    <clue>serratura</clue>
    <solution>scatto</solution>
    <type>TV</type>
  </game>
  <game>
    <id>ed959685-c171-4261-ab69-a248db5d7e89</id>
    <clue>pane</clue>
    <clue>lotta</clue>
    <clue>alpini</clue>
    <clue>spirito</clue>
    <clue>popò</clue>
    <solution>corpo</solution>
    <type>boardgame</type>
  </game>
  <game>
    <id>c376f344-6d7d-4dc9-b94a-8aee5d1e9ed5</id>
    <clue>tango</clue>
    <clue>testa</clue>
    <clue>pavone</clue>
    <clue>verne</clue>
    <clue>oro</clue>
    <solution>pallone</solution>
    <type>TV</type>
  </game>
  <game>
    <id>c1df8600-812e-4038-93f0-4d9348829d92</id>
    <clue>rosso</clue>
    <clue>campanile</clue>
    <clue>uccidere</clue>
    <clue>mamma</clue>
    <clue>jovanotti</clue>
    <solution>festa</solution>
    <type>boardgame</type>
  </game>
  <game>
    <id>a783f6cc-2488-4b53-8b17-2adf5cbe0be4</id>
    <clue>libano</clue>
    <clue>vela</clue>
    <clue>gli antenati</clue>
    <clue>bello</clue>
    <clue>natale</clue>
    <solution>albero</solution>
    <type>boardgame</type>
  </game>
  <game>
    <id>676000f7-bdc8-4fb2-abce-945638618210</id>
    <clue>denaro</clue>
    <clue>ospite</clue>
    <clue>naso</clue>
    <clue>fritto</clue>
    <clue>bruciato</clue>
    <solution>puzza</solution>
    <type>TV</type>
  </game>
  <game>
    <id>14233edc-d91c-4d42-a430-6f5fb72a92f4</id>
    <clue>tigre</clue>
    <clue>canta</clue>
    <clue>vetrata</clue>
    <clue>7 e mezzo</clue>
    <clue>carbone</clue>
    <solution>carta</solution>
    <type>boardgame</type>
  </game>
  <game>
    <id>ec463176-f8dc-4a04-aab9-be006eac9185</id>
    <clue>legno</clue>
    <clue>forte</clue>
    <clue>continua</clue>
    <clue>malattia</clue>
    <clue>veloce</clue>
    <solution>cassa</solution>
    <type>TV</type>
  </game>
  <game>
    <id>6b6932d5-dc58-412a-8273-4ed6580015b0</id>
    <clue>11</clue>
    <clue>orchestra</clue>
    <clue>atlantico</clue>
    <clue>...---...</clue>
    <clue>dion</clue>
    <solution>titanic</solution>
    <type>boardgame</type>
  </game>
  <game>
    <id>16319c93-c682-42f2-a5ae-fa1277e60ef8</id>
    <clue>d-day</clue>
    <clue>bianca</clue>
    <clue>inizio</clue>
    <clue>macellaio</clue>
    <clue>dolcetto</clue>
    <solution>alba</solution>
    <type>TV</type>
  </game>
  <game>
    <id>8109b1b7-ae1f-40fb-8a44-53f194f521bf</id>
    <clue>fucile</clue>
    <clue>torace</clue>
    <clue>bel</clue>
    <clue>alto</clue>
    <clue>benzina</clue>
    <solution>fusto</solution>
    <type>TV</type>
  </game>
  <game>
    <id>1fc3a274-137d-4f77-aa24-3c17f038d0fc</id>
    <clue>filtro</clue>
    <clue>decadenza</clue>
    <clue>1999</clue>
    <clue>cono</clue>
    <clue>luna</clue>
    <solution>eclissi</solution>
    <type>TV</type>
  </game>
  <game>
    <id>b2b72776-5021-4f7c-a56c-329b5f5072c9</id>
    <clue>pinocchio</clue>
    <clue>kennedy</clue>
    <clue>re mida</clue>
    <clue>shreck</clue>
    <clue>apuleio</clue>
    <solution>asino</solution>
    <type>TV</type>
  </game>
  <game>
    <id>5b352607-adff-41b6-b474-ffe1c7f10bca</id>
    <clue>marito</clue>
    <clue>carta</clue>
    <clue>berlino</clue>
    <clue>dito</clue>
    <clue>zero</clue>
    <solution>cielo</solution>
    <type>TV</type>
  </game>
  <game>
    <id>913e33f0-139e-4c92-aa04-b4f635dffc76</id>
    <clue>atene</clue>
    <clue>cuore</clue>
    <clue>normale</clue>
    <clue>polizia</clue>
    <clue>bus</clue>
    <solution>scuola</solution>
    <type>TV</type>
  </game>
  <game>
    <id>3328d343-a948-4e55-adb6-5f0922e61961</id>
    <clue>colpo</clue>
    <clue>sotto</clue>
    <clue>craxi</clue>
    <clue>puglia</clue>
    <clue>basso</clue>
    <solution>tacco</solution>
    <type>TV</type>
  </game>
  <game>
    <id>522ee7a8-1c1c-4b78-9bdd-66ec12b523cb</id>
    <clue>africa</clue>
    <clue>assolutamente no</clue>
    <clue>abbondanza</clue>
    <clue>fiato</clue>
    <clue>fortuna</clue>
    <solution>corno</solution>
    <type>boardgame</type>
  </game>
  <game>
    <id>7aded0b1-158f-407e-9686-52777a6e9b85</id>
    <clue>albero</clue>
    <clue>olio</clue>
    <clue>contatto</clue>
    <clue>ancona</clue>
    <clue>radio</clue>
    <solution>gomito</solution>
    <type>TV</type>
  </game>
  <game>
    <id>da711608-3260-4657-83b7-3ced01934c11</id>
    <clue>sorrento</clue>
    <clue>pesca</clue>
    <clue>polso</clue>
    <clue>vitello</clue>
    <clue>burro</clue>
    <solution>noce</solution>
    <type>boardgame</type>
  </game>
  <game>
    <id>215174fb-ce7c-4d2d-be05-937384b33391</id>
    <clue>azzurro</clue>
    <clue>magro</clue>
    <clue>carla bissi</clue>
    <clue>de gregori</clue>
    <clue>meraviglie</clue>
    <solution>alice</solution>
    <type>boardgame</type>
  </game>
  <game>
    <id>5debf62b-4be3-413c-9794-9674e76c3e5c</id>
    <clue>pinguino</clue>
    <clue>fuoco</clue>
    <clue>paolo</clue>
    <clue>kiwi</clue>
    <clue>paradiso</clue>
    <solution>uccello</solution>
    <type>TV</type>
  </game>
  <game>
    <id>fa76d376-66e8-4c77-8753-d626cf50c3d1</id>
    <clue>tutti</clue>
    <clue>cardinale</clue>
    <clue>pericolo</clue>
    <clue>mille</clue>
    <clue>mattina</clue>
    <solution>uno</solution>
    <type>TV</type>
  </game>
  <game>
    <id>7d825ed0-c449-4a42-8e69-bcb3bf72ac5d</id>
    <clue>amico</clue>
    <clue>rosso</clue>
    <clue>lente</clue>
    <clue>cintura</clue>
    <clue>terra</clue>
    <solution>fuoco</solution>
    <type>TV</type>
  </game>
  <game>
    <id>629fbaa7-3996-4cb3-a1ba-f012ceaaa3e6</id>
    <clue>dentifricio</clue>
    <clue>pantaloni</clue>
    <clue>tv</clue>
    <clue>cilindro</clue>
    <clue>non capire</clue>
    <solution>tubo</solution>
    <type>boardgame</type>
  </game>
  <game>
    <id>d4db663d-5b31-45cc-87ef-a47e504370c9</id>
    <clue>marcia</clue>
    <clue>bianco</clue>
    <clue>metà</clue>
    <clue>comune</clue>
    <clue>testimone</clue>
    <solution>matrimonio</solution>
    <type>boardgame</type>
  </game>
  <game>
    <id>b428ecab-2f43-477c-972c-791f338aef49</id>
    <clue>morire</clue>
    <clue>mal</clue>
    <clue>giudizio</clue>
    <clue>colpa</clue>
    <clue>laurea</clue>
    <solution>causa</solution>
    <type>TV</type>
  </game>
</games>
